protein,count,mean,std,min,25%,50%,75%,max
Protein 1,15.0,2.0831933333333335,1.6854972074675627,0.1527,1.14765,1.7327,2.6633,6.5084
Protein 2,21.0,1.8926194761904764,0.5442394300117935,0.827084,1.344016,1.986318,2.192352,2.724403
