residue,h,c,enhancement
M1C-HC,1.69,13.855,0.995056
4NC-HC,0.579,10.937,1.897911
4UC-HC,0.619,9.848,2.037973
L17NC-HC,0.819,23.674,1.344016
L17UC-HC,0.546,20.0,2.134172
24NC-HC,0.615,9.343,1.986318
L25NC-HC,-0.048,22.219,2.316747
L25UC-HC,0.665,21.842,1.925593
27UC-HC,0.582,9.767,2.037973
L28NC-HC,0.55,22.55,2.280829
M30NC-HC,1.68,14.415,0.827084
M30UC-HC,1.815,14.069,1.288024
L41NC-HC,0.398,22.47,1.925593
L41NC-HC,0.195,23.355,2.192352
L41UC-HC,0.607,20.498,2.617148
L41UC-HC,0.662,22.005,1.187396
48UC-HC,0.586,9.35,1.986318
I48NC-HC,0.182,12.946,2.724403
M50C-HC,1.775,14.056,1.288024
53UN-HC,0.594,9.761,2.037973
I53NC-HC,0.265,6.901,2.714106